gene,clinvar_id,variant_id,protein_change,aa_ref,aa_alt,residue_num,clinical_significance,trait,hgvs_c,canonical_spdi,chromosome,position,ref,alt,source,gnomad_af,gnomad_ac,structural_region,region_label,pocket_dist_A,structural_coords_available,clinvar_tier_score,rarity_score,region_drug_score,variant_key,cadd_phred,cadd_norm,alphamissense_score,alphamissense_class,path_score_imputed,path_score,pocket_proximity_score,rescue_score,bhatt_homo_current_rel_wt,bhatt_hetero_current_rel_wt,bhatt_homo_functional_class,bhatt_hetero_functional_class,bhatt_wt_cotransfection_rescue,structural_opportunity_score,tractability_modifier,tractability_class,tractability_basis,rescue_priority_score,priority_rank,candidate_drug,drug_phase,dG_WT,docking_wt_score,final_rescue_score,rescue_tier
KCNQ2,369764.0,369764,T276I,T,I,276.0,Pathogenic,not provided,NM_172107.4(KCNQ2):c.827C>T (p.Thr276Ile),NC_000020.11:63439697:G:A,20,63439698,G,A,ClinVar,,,Pore,Pore Domain (S5-S6),5.710049346211842,True,1.0,1.0,0.9,20:63439698:G:A,27.7,0.6925,0.9922,likely_pathogenic,False,0.90541,0.6834034053133389,0.8358141918596684,0.0579343283829804,0.3210649006106487,LOF,pLOF,-p R-,0.8358141918596684,1.0,partial_rescue,bhatt_direct,0.8358141918596684,1,Retigabine (Ezogabine),4,-5.585,0.39625,0.7479013534877348,LOW
KCNQ2,219235.0,219235,A306V,A,V,306.0,Pathogenic,Early-infantile DEE,NM_172107.4(KCNQ2):c.917C>T (p.Ala306Val),NC_000020.11:63439607:G:A,20,63439608,G,A,ClinVar,,,Pore,Pore Domain (S5-S6),5.812765416023389,True,1.0,1.0,0.9,20:63439608:G:A,26.7,0.6675,0.9872,likely_pathogenic,False,0.8964099999999999,0.6787396242536942,0.8314818684887928,0.0899924606615265,0.4466944735221114,LOF,pLOF,-p R-,0.8314818684887928,1.0,partial_rescue,bhatt_direct,0.8314818684887928,2,Retigabine (Ezogabine),4,-5.6,0.3999999999999999,0.7451854947910342,LOW
KCNQ2,205888.0,205888,A306P,A,P,306.0,Pathogenic,"Seizures, benign familial neonatal, 1",NM_172107.4(KCNQ2):c.916G>C (p.Ala306Pro),NC_000020.11:63439608:C:G,20,63439609,C,G,ClinVar,,,Pore,Pore Domain (S5-S6),5.812765416023389,True,1.0,1.0,0.9,20:63439609:C:G,25.9,0.6475,0.9985,likely_pathogenic,False,0.8937999999999999,0.6787396242536942,0.8306988684887928,0.052281707149616,0.2884063895859999,LOF,pLOF,-p R-,0.8306988684887928,1.0,partial_rescue,bhatt_direct,0.8306988684887928,3,Retigabine (Ezogabine),4,-5.588,0.397,0.7439590947910343,LOW
KCNQ1,3119.0,3119,L273F,L,F,273.0,Likely pathogenic,Long QT syndrome 1,NM_000218.3(KCNQ1):c.817C>T (p.Leu273Phe),NC_000011.10:2572881:C:T,11,2572882,C,T,ClinVar,,,Pore,Pore Domain (S5-S6),4.591552290832867,True,0.8,1.0,0.9,11:2572882:C:T,28.5,0.7125,0.9758,likely_pathogenic,False,0.8264900000000001,0.7363104176524916,0.830655646178372,,,,,,0.830655646178372,0.85,default_unknown,heuristic,0.7060572992516161,4,Mexiletine,4,-4.903,0.2257499999999999,0.6099958394012929,LOW
KCNQ1,2574013.0,2574013,L273I,L,I,273.0,Likely pathogenic,Long QT syndrome,NM_000218.3(KCNQ1):c.817C>A (p.Leu273Ile),NC_000011.10:2572881:C:A,11,2572882,C,A,ClinVar,,,Pore,Pore Domain (S5-S6),4.591552290832867,True,0.8,1.0,0.9,11:2572882:C:A,27.6,0.6900000000000001,0.8826,likely_pathogenic,False,0.7917800000000002,0.7363104176524916,0.8202426461783721,,,,,,0.8202426461783721,0.85,default_unknown,heuristic,0.6972062492516162,5,Mexiletine,4,-4.875,0.21875,0.6015149994012929,LOW
KCNQ1,3115.0,3115,G306R,G,R,306.0,Pathogenic,Cardiovascular phenotype,NM_000218.3(KCNQ1):c.916G>A (p.Gly306Arg),NC_000011.10:2572980:G:A,11,2572981,G,A,ClinVar,,,Pore,Pore Domain (S5-S6),1.9174933699396832,True,1.0,1.0,0.9,11:2572981:G:A,33.0,0.825,0.9996,likely_pathogenic,False,0.94738,0.8800004225590055,0.9172141478956518,,,,,,0.9172141478956518,0.75,severe_pore_lof_like,heuristic,0.6879106109217389,6,Mexiletine,4,-4.859,0.21475,0.5932784887373912,LOW
KCNQ3,661030.0,661030,I317T,I,T,317.0,Pathogenic/Likely pathogenic,KCNQ3-related disorder,NM_004519.4(KCNQ3):c.950T>C (p.Ile317Thr),NC_000008.11:132174332:A:G,8,132174333,A,G,ClinVar,,,Pore,Pore Domain (S5-S6),11.71286927633558,True,0.95,1.0,0.9,8:132174333:A:G,28.7,0.7175,0.9508,likely_pathogenic,False,0.88049,0.4580128897267867,0.7494515114043753,,,,,,0.7494515114043753,0.85,default_unknown,heuristic,0.637033784693719,7,Retigabine (Ezogabine),4,-6.022,0.5055000000000001,0.6107270277549752,LOW
KCNQ4,6246.0,6246,L281S,L,S,281.0,Pathogenic,not provided,NM_004700.4(KCNQ4):c.842T>C (p.Leu281Ser),NC_000001.11:40819881:T:C,1,40819882,T,C,ClinVar,,,Pore,Pore Domain (S5-S6),7.887338587314183,True,1.0,1.0,0.9,1:40819882:T:C,32.0,0.8,0.998,likely_pathogenic,False,0.9394,0.5910689672750461,0.8136941385462662,,,,,,0.8136941385462662,0.75,severe_pore_lof_like,heuristic,0.6102706039096997,8,Retigabine (Ezogabine),4,-6.529,0.63225,0.6146664831277597,LOW
KCNQ4,1201725.0,1201725,T280K,T,K,280.0,Conflicting classifications of pathogenicity,not provided,NM_004700.4(KCNQ4):c.839C>A (p.Thr280Lys),NC_000001.11:40819878:C:A,1,40819879,C,A,ClinVar,,,Pore,Pore Domain (S5-S6),10.230732176784054,True,0.5,1.0,0.9,1:40819879:C:A,29.1,0.7275,0.9982,likely_pathogenic,False,0.7177100000000001,0.505580092070327,0.7172660322246144,,,,,,0.7172660322246144,0.85,default_unknown,heuristic,0.6096761273909223,9,Retigabine (Ezogabine),4,-6.447,0.61175,0.6100909019127378,LOW
KCNQ5,431385.0,431385,V145G,V,G,145.0,Pathogenic,"Intellectual disability, autosomal dominant 46",NM_019842.4(KCNQ5):c.434T>G (p.Val145Gly),NC_000006.12:73003942:T:G,6,73003943,T,G,ClinVar,,,VSD,Voltage-Sensing Domain,18.387500931611285,True,1.0,1.0,0.6,6:73003943:T:G,29.7,0.7424999999999999,0.9826,likely_pathogenic,False,0.91753,0.2935129859814696,0.6279885450935143,,,,,,0.6279885450935143,0.95,vsd_gating_like,heuristic,0.5965891178388386,10,Retigabine (Ezogabine),4,-4.804,0.201,0.5174712942710709,LOW
